{
    "annotations": {
      "list": [
        {
          "builtIn": 1,
          "datasource": "-- Grafana --",
          "enable": true,
          "hide": true,
          "iconColor": "rgba(0, 211, 255, 1)",
          "name": "Annotations & Alerts",
          "target": {
            "limit": 100,
            "matchAny": false,
            "tags": [],
            "type": "dashboard"
          },
          "type": "dashboard"
        }
      ]
    },
    "description": "Container dashboard",
    "editable": true,
    "fiscalYearStartMonth": 0,
    "gnetId": 14282,
    "graphTooltip": 0,
    "id": 2,
    "iteration": 1648828283135,
    "links": [],
    "liveNow": false,
    "panels": [
      {
        "collapsed": false,
        "datasource": {
          "type": "prometheus",
          "uid": "PBFA97CFB590B2093"
        },
        "gridPos": {
          "h": 1,
          "w": 24,
          "x": 0,
          "y": 0
        },
        "id": 8,
        "panels": [],
        "title": "CPU",
        "type": "row"
      },
      {
        "aliasColors": {},
        "bars": false,
        "dashLength": 10,
        "dashes": false,
        "datasource": {
          "type": "prometheus",
          "uid": "PBFA97CFB590B2093"
        },
        "fill": 1,
        "fillGradient": 0,
        "gridPos": {
          "h": 7,
          "w": 24,
          "x": 0,
          "y": 1
        },
        "hiddenSeries": false,
        "id": 15,
        "legend": {
          "alignAsTable": true,
          "avg": true,
          "current": false,
          "max": true,
          "min": false,
          "rightSide": true,
          "show": true,
          "total": false,
          "values": true
        },
        "lines": true,
        "linewidth": 1,
        "nullPointMode": "null as zero",
        "options": {
          "alertThreshold": true
        },
        "percentage": false,
        "pluginVersion": "8.4.4",
        "pointradius": 2,
        "points": false,
        "renderer": "flot",
        "seriesOverrides": [],
        "spaceLength": 10,
        "stack": true,
        "steppedLine": false,
        "targets": [
          {
            "datasource": {
              "type": "prometheus",
              "uid": "PBFA97CFB590B2093"
            },
            "exemplar": true,
            "expr": "sum(rate(container_cpu_usage_seconds_total{instance=~\"$host\",name=~\"$container\", name=~\".+\"}[5m])) by (name) *100",
            "hide": false,
            "interval": "",
            "legendFormat": "{{name}}",
            "refId": "A"
          }
        ],
        "thresholds": [],
        "timeRegions": [],
        "title": "CPU Usage",
        "tooltip": {
          "shared": true,
          "sort": 0,
          "value_type": "individual"
        },
        "type": "graph",
        "xaxis": {
          "mode": "time",
          "show": true,
          "values": []
        },
        "yaxes": [
          {
            "$$hashKey": "object:606",
            "format": "percent",
            "logBase": 1,
            "show": true
          },
          {
            "$$hashKey": "object:607",
            "format": "short",
            "logBase": 1,
            "show": true
          }
        ],
        "yaxis": {
          "align": false
        }
      },
      {
        "collapsed": false,
        "datasource": {
          "type": "prometheus",
          "uid": "PBFA97CFB590B2093"
        },
        "gridPos": {
          "h": 1,
          "w": 24,
          "x": 0,
          "y": 8
        },
        "id": 11,
        "panels": [],
        "title": "Memory",
        "type": "row"
      },
      {
        "aliasColors": {},
        "bars": false,
        "dashLength": 10,
        "dashes": false,
        "datasource": {
          "type": "prometheus",
          "uid": "PBFA97CFB590B2093"
        },
        "fieldConfig": {
          "defaults": {
            "unit": "bytes"
          },
          "overrides": []
        },
        "fill": 1,
        "fillGradient": 0,
        "gridPos": {
          "h": 8,
          "w": 12,
          "x": 0,
          "y": 9
        },
        "hiddenSeries": false,
        "id": 9,
        "legend": {
          "alignAsTable": true,
          "avg": true,
          "current": false,
          "max": true,
          "min": false,
          "rightSide": true,
          "show": true,
          "total": false,
          "values": true
        },
        "lines": true,
        "linewidth": 1,
        "nullPointMode": "null as zero",
        "options": {
          "alertThreshold": true
        },
        "percentage": false,
        "pluginVersion": "8.4.4",
        "pointradius": 2,
        "points": false,
        "renderer": "flot",
        "seriesOverrides": [],
        "spaceLength": 10,
        "stack": true,
        "steppedLine": false,
        "targets": [
          {
            "datasource": {
              "type": "prometheus",
              "uid": "PBFA97CFB590B2093"
            },
            "exemplar": true,
            "expr": "sum(container_memory_usage_bytes{instance=~\"$host\", name=~\"$container\", name=~\".+\"}) by (name)",
            "hide": false,
            "interval": "",
            "legendFormat": "{{name}}",
            "refId": "A"
          }
        ],
        "thresholds": [],
        "timeRegions": [],
        "title": "Memory Usage",
        "tooltip": {
          "shared": true,
          "sort": 0,
          "value_type": "individual"
        },
        "type": "graph",
        "xaxis": {
          "mode": "time",
          "show": true,
          "values": []
        },
        "yaxes": [
          {
            "$$hashKey": "object:606",
            "format": "bytes",
            "logBase": 1,
            "show": true
          },
          {
            "$$hashKey": "object:607",
            "format": "short",
            "logBase": 1,
            "show": true
          }
        ],
        "yaxis": {
          "align": false
        }
      },
      {
        "aliasColors": {},
        "bars": false,
        "dashLength": 10,
        "dashes": false,
        "datasource": {
          "type": "prometheus",
          "uid": "PBFA97CFB590B2093"
        },
        "fill": 1,
        "fillGradient": 0,
        "gridPos": {
          "h": 8,
          "w": 12,
          "x": 12,
          "y": 9
        },
        "hiddenSeries": false,
        "id": 14,
        "legend": {
          "alignAsTable": true,
          "avg": true,
          "current": false,
          "max": true,
          "min": false,
          "rightSide": true,
          "show": true,
          "total": false,
          "values": true
        },
        "lines": true,
        "linewidth": 1,
        "nullPointMode": "null as zero",
        "options": {
          "alertThreshold": true
        },
        "percentage": false,
        "pluginVersion": "8.4.4",
        "pointradius": 2,
        "points": false,
        "renderer": "flot",
        "seriesOverrides": [],
        "spaceLength": 10,
        "stack": true,
        "steppedLine": false,
        "targets": [
          {
            "expr": "sum(container_memory_cache{instance=~\"$host\",name=~\"$container\",name=~\".+\"}) by (name)",
            "hide": false,
            "interval": "",
            "legendFormat": "{{name}}",
            "refId": "A"
          }
        ],
        "thresholds": [],
        "timeRegions": [],
        "title": "Memory Cached",
        "tooltip": {
          "shared": true,
          "sort": 0,
          "value_type": "individual"
        },
        "type": "graph",
        "xaxis": {
          "mode": "time",
          "show": true,
          "values": []
        },
        "yaxes": [
          {
            "$$hashKey": "object:606",
            "format": "bytes",
            "logBase": 1,
            "show": true
          },
          {
            "$$hashKey": "object:607",
            "format": "short",
            "logBase": 1,
            "show": true
          }
        ],
        "yaxis": {
          "align": false
        }
      },
      {
        "collapsed": false,
        "datasource": {
          "type": "prometheus",
          "uid": "PBFA97CFB590B2093"
        },
        "gridPos": {
          "h": 1,
          "w": 24,
          "x": 0,
          "y": 17
        },
        "id": 2,
        "panels": [],
        "title": "Network",
        "type": "row"
      },
      {
        "aliasColors": {},
        "bars": false,
        "dashLength": 10,
        "dashes": false,
        "datasource": {
          "type": "prometheus",
          "uid": "PBFA97CFB590B2093"
        },
        "fill": 1,
        "fillGradient": 0,
        "gridPos": {
          "h": 8,
          "w": 12,
          "x": 0,
          "y": 18
        },
        "hiddenSeries": false,
        "id": 4,
        "legend": {
          "alignAsTable": true,
          "avg": true,
          "current": false,
          "hideEmpty": false,
          "hideZero": false,
          "max": true,
          "min": false,
          "rightSide": true,
          "show": true,
          "total": false,
          "values": true
        },
        "lines": true,
        "linewidth": 1,
        "nullPointMode": "null",
        "options": {
          "alertThreshold": true
        },
        "percentage": false,
        "pluginVersion": "8.4.4",
        "pointradius": 2,
        "points": false,
        "renderer": "flot",
        "seriesOverrides": [],
        "spaceLength": 10,
        "stack": false,
        "steppedLine": false,
        "targets": [
          {
            "expr": "sum(rate(container_network_receive_bytes_total{instance=~\"$host\",name=~\"$container\",name=~\".+\"}[5m])) by (name)",
            "hide": false,
            "interval": "",
            "legendFormat": "{{name}}",
            "refId": "A"
          }
        ],
        "thresholds": [],
        "timeRegions": [],
        "title": "Received Network Traffic",
        "tooltip": {
          "shared": true,
          "sort": 0,
          "value_type": "individual"
        },
        "type": "graph",
        "xaxis": {
          "mode": "time",
          "show": true,
          "values": []
        },
        "yaxes": [
          {
            "$$hashKey": "object:674",
            "format": "Bps",
            "logBase": 1,
            "show": true
          },
          {
            "$$hashKey": "object:675",
            "format": "short",
            "logBase": 1,
            "show": true
          }
        ],
        "yaxis": {
          "align": false
        }
      },
      {
        "aliasColors": {},
        "bars": false,
        "dashLength": 10,
        "dashes": false,
        "datasource": {
          "type": "prometheus",
          "uid": "PBFA97CFB590B2093"
        },
        "fill": 1,
        "fillGradient": 0,
        "gridPos": {
          "h": 8,
          "w": 12,
          "x": 12,
          "y": 18
        },
        "hiddenSeries": false,
        "id": 6,
        "legend": {
          "alignAsTable": true,
          "avg": true,
          "current": false,
          "max": true,
          "min": false,
          "rightSide": true,
          "show": true,
          "total": false,
          "values": true
        },
        "lines": true,
        "linewidth": 1,
        "nullPointMode": "null",
        "options": {
          "alertThreshold": true
        },
        "percentage": false,
        "pluginVersion": "8.4.4",
        "pointradius": 2,
        "points": false,
        "renderer": "flot",
        "seriesOverrides": [],
        "spaceLength": 10,
        "stack": false,
        "steppedLine": false,
        "targets": [
          {
            "expr": "sum(rate(container_network_transmit_bytes_total{instance=~\"$host\",name=~\"$container\",name=~\".+\"}[5m])) by (name)",
            "interval": "",
            "legendFormat": "{{name}}",
            "refId": "A"
          }
        ],
        "thresholds": [],
        "timeRegions": [],
        "title": "Sent Network Traffic",
        "tooltip": {
          "shared": true,
          "sort": 0,
          "value_type": "individual"
        },
        "type": "graph",
        "xaxis": {
          "mode": "time",
          "show": true,
          "values": []
        },
        "yaxes": [
          {
            "$$hashKey": "object:832",
            "format": "Bps",
            "logBase": 1,
            "show": true
          },
          {
            "$$hashKey": "object:833",
            "format": "short",
            "logBase": 1,
            "show": true
          }
        ],
        "yaxis": {
          "align": false
        }
      },
      {
        "collapsed": false,
        "datasource": {
          "type": "prometheus",
          "uid": "PBFA97CFB590B2093"
        },
        "gridPos": {
          "h": 1,
          "w": 24,
          "x": 0,
          "y": 26
        },
        "id": 19,
        "panels": [],
        "title": "Misc",
        "type": "row"
      },
      {
        "datasource": {
          "type": "prometheus",
          "uid": "PBFA97CFB590B2093"
        },
        "fieldConfig": {
          "defaults": {
            "custom": {
              "align": "auto",
              "displayMode": "auto",
              "filterable": false
            },
            "mappings": [],
            "thresholds": {
              "mode": "absolute",
              "steps": [
                {
                  "color": "green",
                  "value": null
                },
                {
                  "color": "red",
                  "value": 80
                }
              ]
            }
          },
          "overrides": [
            {
              "matcher": {
                "id": "byName",
                "options": "id"
              },
              "properties": [
                {
                  "id": "custom.width",
                  "value": 260
                }
              ]
            },
            {
              "matcher": {
                "id": "byName",
                "options": "Running"
              },
              "properties": [
                {
                  "id": "unit",
                  "value": "d"
                },
                {
                  "id": "decimals",
                  "value": 1
                },
                {
                  "id": "custom.displayMode",
                  "value": "color-text"
                },
                {
                  "id": "color",
                  "value": {
                    "fixedColor": "dark-green",
                    "mode": "fixed"
                  }
                }
              ]
            }
          ]
        },
        "gridPos": {
          "h": 10,
          "w": 24,
          "x": 0,
          "y": 27
        },
        "id": 17,
        "options": {
          "footer": {
            "fields": "",
            "reducer": [
              "sum"
            ],
            "show": false
          },
          "showHeader": true,
          "sortBy": []
        },
        "pluginVersion": "8.4.4",
        "targets": [
          {
            "expr": "(time() - container_start_time_seconds{instance=~\"$host\",name=~\"$container\",name=~\".+\"})/86400",
            "format": "table",
            "instant": true,
            "interval": "",
            "legendFormat": "{{name}}",
            "refId": "A"
          }
        ],
        "title": "Containers Info",
        "transformations": [
          {
            "id": "filterFieldsByName",
            "options": {
              "include": {
                "names": [
                  "container_label_com_docker_compose_project",
                  "container_label_com_docker_compose_project_working_dir",
                  "image",
                  "instance",
                  "name",
                  "Value",
                  "container_label_com_docker_compose_service"
                ]
              }
            }
          },
          {
            "id": "organize",
            "options": {
              "excludeByName": {},
              "indexByName": {},
              "renameByName": {
                "Value": "Running",
                "container_label_com_docker_compose_project": "Label",
                "container_label_com_docker_compose_project_working_dir": "Working dir",
                "container_label_com_docker_compose_service": "Service",
                "image": "Registry Image",
                "instance": "Instance",
                "name": "Name"
              }
            }
          }
        ],
        "type": "table"
      }
    ],
    "refresh": "1m",
    "schemaVersion": 35,
    "style": "dark",
    "tags": [
      "cadvisor",
      "docker"
    ],
    "templating": {
      "list": [
        {
          "current": {
            "selected": false,
            "text": "Prometheus",
            "value": "Prometheus"
          },
          "hide": 0,
          "includeAll": false,
          "multi": false,
          "name": "datasource",
          "options": [],
          "query": "prometheus",
          "refresh": 1,
          "regex": "",
          "skipUrlSync": false,
          "type": "datasource"
        },
        {
          "allValue": ".*",
          "current": {
            "selected": false,
            "text": "cadvisor:8080",
            "value": "cadvisor:8080"
          },
          "datasource": {
            "type": "prometheus",
            "uid": "${datasource}"
          },
          "definition": "label_values(cadvisor_version_info, instance)",
          "hide": 0,
          "includeAll": true,
          "label": "Host",
          "multi": false,
          "name": "host",
          "options": [],
          "query": {
            "query": "label_values(cadvisor_version_info, instance)",
            "refId": "StandardVariableQuery"
          },
          "refresh": 1,
          "regex": "",
          "skipUrlSync": false,
          "sort": 5,
          "tagValuesQuery": "",
          "tagsQuery": "",
          "type": "query",
          "useTags": false
        },
        {
          "allValue": ".*",
          "current": {
            "selected": false,
            "text": "All",
            "value": "$__all"
          },
          "datasource": {
            "type": "prometheus",
            "uid": "${datasource}"
          },
          "definition": "label_values(container_cpu_usage_seconds_total, name)",
          "hide": 0,
          "includeAll": true,
          "label": "Container",
          "multi": false,
          "name": "container",
          "options": [],
          "query": {
            "query": "label_values(container_cpu_usage_seconds_total, name)",
            "refId": "StandardVariableQuery"
          },
          "refresh": 1,
          "regex": "",
          "skipUrlSync": false,
          "sort": 0,
          "tagValuesQuery": "",
          "tagsQuery": "",
          "type": "query",
          "useTags": false
        }
      ]
    },
    "time": {
      "from": "now-1h",
      "to": "now"
    },
    "timepicker": {},
    "timezone": "",
    "title": "Container Metrics",
    "uid": "pMEd7m0Mz",
    "version": 3,
    "weekStart": ""
  }